trail,,,,,
Scene,Timestamp,Description,Text Overlay,Music,Metadata
Montage of G. D. Naidu's inventions,0:00 - 0:02,"Close-up of Naidu's hands working on an electric motor, with sparks flying.",None,Powerful background score,"Title: ""G. D. Naidu: The Greatest Inventor of India"" Genre: Biographical Release Date: [Insert Date] Hashtags: #GDNaidu #MiracleMan #TamilCinema"
,0:02 - 0:04,"Fast transition to a vintage engine starting up, accompanied by a triumphant sound.",None,Triumphant sound,
,0:04 - 0:06,Text overlay with Naidu's title.,"""G. D. Naidu: The Miracle Man of India""",,
Journey from hotel server to entrepreneur,0:00 - 0:02,"Quick shot of young Naidu working as a server in a bustling hotel, dreaming of a motorcycle.",None,Upbeat music,"Title: ""G. D. Naidu: The Greatest Inventor of India"" Genre: Biographical Release Date: [Insert Date] Hashtags: #GDNaidu #Pioneer #TamilCinema #Innovation"
,0:02 - 0:04,"Transition to Naidu joyfully dismantling and reassembling a motorcycle, showcasing his skills.",None,,
,0:04 - 0:06,Text overlay with Naidu's legacy title.,"""From Dreams to Innovation: G. D. Naidu, India’s Pioneer""",,
Naidu’s groundbreaking inventions,0:00 - 0:02,Quick shot of Naidu and D. Balasundaram Naidu proudly unveiling India’s first indigenous motor in 1937.,None,Inspiring musical crescendo,"Title: ""G. D. Naidu: The Greatest Inventor of India"" Genre: Biographical Release Date: [Insert Date] Hashtags: #GDNaidu #Innovation #TamilCinema #Pioneer"
,0:02 - 0:04,"Glimpse of Naidu's innovative products: the 'Rasant' razor, a juice extractor, and the two-seater petrol engine car.",None,,
,0:04 - 0:06,Text overlay summarizing Naidu’s legacy.,"""G. D. Naidu: A Legacy of Innovation""",,
Naidu's encounter with Adolf Hitler,0:00 - 0:02,"Dramatic shot of Naidu walking through a grand setting in Germany, glancing at the military presence around him.",None,Tense musical backdrop,"Title: ""G. D. Naidu: The Greatest Inventor of India"" Genre: Biographical Release Date: [Insert Date] Hashtags: #GDNaidu #HistoricalMoment #TamilCinema #Innovation"
,0:02 - 0:04,"Close-up of Naidu extending his hand to congratulate Hitler, surrounded by officers.",None,,
,0:04 - 0:06,Text overlay capturing the historical importance.,"""G. D. Naidu: A Witness to History""",,
Naidu’s philanthropic efforts and community impact,0:00 - 0:02,"Heartwarming shot of Naidu interacting with employees, discussing welfare schemes and research scholarships.",None,Uplifting music,"Title: ""G. D. Naidu: The Greatest Inventor of India"" Genre: Biographical Release Date: [Insert Date] Hashtags: #GDNaidu #Philanthropy #TamilCinema #CommunityImpact"
,0:02 - 0:04,"Vibrant scene of the G. D. Naidu Industrial Exhibition, with people and innovations on display.",None,,
,0:04 - 0:06,Text overlay summarizing Naidu’s community impact.,"""G. D. Naidu: Innovator and Philanthropist""",,
,,,,,
,,,,,
Scene,Timestamp,Description,Text Overlay,Music,Metadata
Montage of G. D. Naidu's inventions,0:00 - 0:02,"Close-up of Naidu's hands working on an electric motor, sparks flying, with a glimpse of his bald head and thin ring of hair encircling it.",None,Powerful background score,"Title: ""G. D. Naidu: The Greatest Inventor of India"" Genre: Biographical Release Date: [Insert Date] Hashtags: #GDNaidu #MiracleMan #TamilCinema"
,0:02 - 0:04,"Fast transition to a vintage engine starting up, accompanied by a triumphant sound, with Naidu's bald head and thin hair ring visible as he watches.",None,Triumphant sound,
,0:04 - 0:06,Text overlay with Naidu's title.,"""G. D. Naidu: The Miracle Man of India""",,
Journey from hotel server to entrepreneur,0:00 - 0:02,"Quick shot of young Naidu, showing early baldness with a thin hair ring, working as a server in a bustling hotel, dreaming of a motorcycle.",None,Upbeat music,"Title: ""G. D. Naidu: The Greatest Inventor of India"" Genre: Biographical Release Date: [Insert Date] Hashtags: #GDNaidu #Pioneer #TamilCinema #Innovation"
,0:02 - 0:04,"Transition to Naidu, now visibly bald, joyfully dismantling and reassembling a motorcycle, showcasing his skills.",None,,
,0:04 - 0:06,Text overlay with Naidu's legacy title.,"""From Dreams to Innovation: G. D. Naidu, India’s Pioneer""",,
Naidu’s groundbreaking inventions,0:00 - 0:02,"Quick shot of Naidu and D. Balasundaram Naidu proudly unveiling India’s first indigenous motor in 1937, with Naidu’s bald head and thin hair ring clearly visible.",None,Inspiring musical crescendo,"Title: ""G. D. Naidu: The Greatest Inventor of India"" Genre: Biographical Release Date: [Insert Date] Hashtags: #GDNaidu #Innovation #TamilCinema #Pioneer"
,0:02 - 0:04,"Glimpse of Naidu's innovative products: the 'Rasant' razor, a juice extractor, and the two-seater petrol engine car, with Naidu watching nearby, showing his distinctive baldness.",None,,
,0:04 - 0:06,Text overlay summarizing Naidu’s legacy.,"""G. D. Naidu: A Legacy of Innovation""",,
Naidu's encounter with Adolf Hitler,0:00 - 0:02,"Dramatic shot of Naidu, with his bald head and thin hair ring, walking through a grand setting in Germany, glancing at the military presence around him.",None,Tense musical backdrop,"Title: ""G. D. Naidu: The Greatest Inventor of India"" Genre: Biographical Release Date: [Insert Date] Hashtags: #GDNaidu #HistoricalMoment #TamilCinema #Innovation"
,0:02 - 0:04,"Close-up of Naidu extending his hand to congratulate Hitler, surrounded by officers, with his unique baldness noticeable.",None,,
,0:04 - 0:06,Text overlay capturing the historical importance.,"""G. D. Naidu: A Witness to History""",,
Naidu’s philanthropic efforts and community impact,0:00 - 0:02,"Heartwarming shot of Naidu, with his bald head and thin hair ring, interacting with employees, discussing welfare schemes and research scholarships.",None,Uplifting music,"Title: ""G. D. Naidu: The Greatest Inventor of India"" Genre: Biographical Release Date: [Insert Date] Hashtags: #GDNaidu #Philanthropy #TamilCinema #CommunityImpact"
,0:02 - 0:04,"Vibrant scene of the G. D. Naidu Industrial Exhibition, with people and innovations on display, with Naidu’s unique baldness visible among the crowd.",None,,
,0:04 - 0:06,Text overlay summarizing Naidu’s community impact.,"""G. D. Naidu: Innovator and Philanthropist""",,
,,,,,
,,,,,
Scene,Timestamp,Description,Text Overlay,Music,Metadata
G. D. Naidu’s contributions to education,0:00 - 0:02,"Wide shot of the original Arthur Hope Polytechnic, bustling with students and activity, with Naidu’s distinctive bald head and thin hair ring visible as he oversees the campus.",None,Inspiring music,"Title: ""G. D. Naidu: The Greatest Inventor of India"" Genre: Biographical Release Date: [Insert Date] Hashtags: #GDNaidu #EducationReform #TamilCinema #Legacy"
,0:02 - 0:04,"Quick cut to Naidu, with his bald head and thin ring of hair, passionately addressing a classroom, advocating for shorter, more efficient programs.",None,,
,0:04 - 0:06,Text overlay summarizing Naidu’s educational reforms.,"""G. D. Naidu: Pioneer of Education Reform""",,
G. D. Naidu's philanthropic efforts and community impact,0:00 - 0:02,"Heartwarming shot of Naidu, with his unique baldness and thin hair ring, interacting with employees, discussing welfare schemes and research scholarships.",None,Uplifting music,"Title: ""G. D. Naidu: The Greatest Inventor of India"" Genre: Biographical Release Date: [Insert Date] Hashtags: #GDNaidu #Philanthropy #TamilCinema #CommunityImpact"
,0:02 - 0:04,"Transition to a vibrant scene of the G. D. Naidu Industrial Exhibition, with Naidu’s distinctive bald appearance visible among the crowd, as people engage with his innovations.",None,,
,0:04 - 0:06,Text overlay emphasizing Naidu’s commitment to community.,"""G. D. Naidu: Innovator and Philanthropist""",,
Naidu’s encounter with Adolf Hitler,0:00 - 0:02,"Dramatic shot of Naidu, with his bald head and thin hair ring, walking through a grand setting in Germany, glancing at the imposing military presence around him.",None,Tense musical backdrop,"Title: ""G. D. Naidu: The Greatest Inventor of India"" Genre: Biographical Release Date: [Insert Date] Hashtags: #GDNaidu #HistoricalMoment #TamilCinema #Innovation"
,0:02 - 0:04,"Close-up of Naidu extending his hand to congratulate Hitler, surrounded by officers, with Naidu’s unique bald appearance adding to the gravity of the moment.",None,,
,0:04 - 0:06,Text overlay capturing the historical significance of the encounter.,"""G. D. Naidu: A Witness to History""",,
Naidu’s interactions and achievements,0:00 - 0:02,"Dramatic shot of Naidu, with his bald head and thin hair ring, filming the funeral of King George V, holding a vintage camera.",None,Uplifting score,"Title: ""G. D. Naidu: The Greatest Inventor of India"" Genre: Biographical Release Date: [Insert Date] Hashtags: #GDNaidu #Innovation #TamilCinema #Legacy"
,0:02 - 0:04,"Transition to images of Naidu alongside iconic leaders like Mahatma Gandhi and Jawaharlal Nehru, his distinctive baldness visible as he captures their moments.",None,,
,0:04 - 0:06,Text overlay emphasizing Naidu’s multifaceted role in history.,"""G. D. Naidu: Innovator and Philanthropist""",,
,,,,,
,,,,,
,,,,,
,,,,,
,,,,,
,,,,,
,,,,,
,,,,,
,,,,,
Scene,Timestamp,Description,Text Overlay,Music,Metadata
A quick montage showcasing G. D. Naidu’s interactions and achievements.,0:00 - 0:02,"A dramatic shot of Naidu, with his bald head and thin hair ring, filming the funeral of King George V, holding a vintage camera.",,Uplifting score,"Title: ""G. D. Naidu: The Greatest Inventor of India"""
,0:02 - 0:04,"Transition to images of Naidu alongside iconic leaders like Mahatma Gandhi and Jawaharlal Nehru, his distinctive baldness visible as he captures their essence through his lens.",,,Genre: Biographical
,0:04 - 0:06,,"""G. D. Naidu: Innovator and Philanthropist""",,Release Date: [Insert Date]
,,,,,Hashtags: #GDNaidu #Innovation #TamilCinema #Legacy
,,,,,Summary: This concise video highlights Naidu’s significant role in capturing history and his philanthropic spirit.
Scene,Timestamp,Description,Text Overlay,Music,Metadata
A fast-paced montage highlighting G. D. Naidu's groundbreaking inventions.,0:00 - 0:02,"Quick shot of Naidu and D. Balasundaram Naidu proudly unveiling India’s first indigenous motor in 1937, Naidu’s distinctive bald head and thin ring of hair in focus.",,Inspiring crescendo,"Title: ""G. D. Naidu: The Greatest Inventor of India"""
,0:02 - 0:04,"Transition to a glimpse of Naidu's innovative products: the 'Rasant' razor, a fruit juice extractor, and the two-seater petrol engine car.",,,Genre: Biographical
,0:04 - 0:06,,"""G. D. Naidu: A Legacy of Innovation""",,Release Date: [Insert Date]
,,,,,Hashtags: #GDNaidu #Innovation #TamilCinema #Pioneer
,,,,,Summary: This short video captures the essence of Naidu’s inventive spirit and highlights his significant contributions to Indian industry.
Scene,Timestamp,Description,Text Overlay,Music,Metadata
A rapid montage showcasing G. D. Naidu's journey from a hotel server to a successful entrepreneur.,0:00 - 0:02,"Quick shot of young Naidu, with his bald head gradually forming a thin ring of hair, working as a server in a bustling hotel, dreaming of a motorcycle.",,Upbeat music,"Title: ""G. D. Naidu: The Greatest Inventor of India"""
,0:02 - 0:04,"Transition to Naidu joyfully dismantling and reassembling a motorcycle, showcasing his mechanical skills.",,,Genre: Biographical
,0:04 - 0:06,,"""From Dreams to Innovation: G. D. Naidu, India's Pioneer""",,Release Date: [Insert Date]
,,,,,Hashtags: #GDNaidu #Pioneer #TamilCinema #Innovation
,,,,,"Summary: This brief video effectively highlights Naidu’s transformation and entrepreneurial spirit, setting the stage for his future achievements."
Scene,Timestamp,Description,Text Overlay,Music,Metadata
Quick montage highlighting G. D. Naidu's early life.,0:00 - 0:02,"A nostalgic shot of young Naidu in a rural classroom, laughing with friends, his bald head and thin ring of hair starting to show.",,Uplifting crescendo,"Title: ""G. D. Naidu: The Greatest Inventor of India"""
,0:02 - 0:04,"Fast transition to Naidu tinkering with mechanical devices, sparks flying, and a look of determination on his face.",,,Genre: Biographical
,0:04 - 0:06,,"""G. D. Naidu: The Greatest Inventor of India""",,Release Date: [Insert Date]
,,,,,Hashtags: #GDNaidu #GreatestInventor #TamilCinema #Inspiration
,,,,,Summary: This concise video engages viewers by showcasing Naidu's playful childhood and early passion for invention.
Scene,Timestamp,Description,Text Overlay,Music,Metadata
A heartfelt montage commemorating G. D. Naidu’s legacy.,0:00 - 0:02,"A respectful shot of Naidu's portrait at the Industrial Exhibition in Coimbatore, with his bald head and thin hair ring noticeable in the portrait, and flowers laid at its base.",,"Soft, emotional score","Title: ""G. D. Naidu: The Greatest Inventor of India"""
,0:02 - 0:04,"Transition to clips of workers in engineering and manufacturing settings, showcasing the impact of Naidu’s contributions.",,,Genre: Biographical
,0:04 - 0:06,,"""G. D. Naidu: A Man in a Million""",,Release Date: [Insert Date]
,,,,,Hashtags: #GDNaidu #Legacy #TamilCinema #Inspiration
,,,,,Summary: This brief video encapsulates Naidu’s lasting influence on society and honors his commitment to education and employment.
4o,,,,,
ChatGPT can make mistakes. Check important info.,,,,,